{
    "providers": [
        {
            "type": "bitmap",
            "file": "custom:ranks/owner.png",
            "ascent": 7,
            "height": 9,
            "chars": ["❤"]
	    },
        {
            "type": "bitmap",
            "file": "custom:ranks/dev.png",
            "ascent": 7,
            "height": 9,
            "chars": ["🧡"]
	    },
        {
            "type": "bitmap",
            "file": "custom:ranks/mod.png",
            "ascent": 7,
            "height": 9,
            "chars": ["💛"]
	    },
        {
            "type": "bitmap",
            "file": "custom:ranks/helper.png",
            "ascent": 7,
            "height": 9,
            "chars": ["💚"]
	    },
        {
            "type": "bitmap",
            "file": "custom:ranks/media.png",
            "ascent": 7,
            "height": 9,
            "chars": ["💙"]
	    },
        {
            "type": "bitmap",
            "file": "custom:ranks/lagenda.png",
            "ascent": 7,
            "height": 9,
            "chars": ["💜"]
	    },
        {
            "type": "bitmap",
            "file": "custom:ranks/raja.png",
            "ascent": 7,
            "height": 9,
            "chars": ["🤎"]
	    }
        ,{
            "type": "bitmap",
            "file": "custom:ranks/wira.png",
            "ascent": 7,
            "height": 9,
            "chars": ["🖤"]
	    },
        {
            "type": "bitmap",
            "file": "custom:ranks/bandar.png",
            "ascent": 7,
            "height": 9,
            "chars": ["🤍"]
	    },
        {
            "type": "bitmap",
            "file": "custom:ranks/kampung.png",
            "ascent": 7,
            "height": 9,
            "chars": ["💔"]
	    },
        {
            "type": "bitmap",
            "file": "custom:ranks/overlord.png",
            "ascent": 7,
            "height": 9,
            "chars": ["❣"]
	    },
        {
            "type": "bitmap",
            "file": "custom:ranks/evangelist.png",
            "ascent": 7,
            "height": 9,
            "chars": ["💕"]
	    }
    ]
}